,message.sender_id,message.text, message.date,message.id,message.post_author,message.views,message.peer_id.channel_id
0,-1001338358512,,2023-12-29 09:01:27+00:00,60860,–ò–ª—å—è,2596,1338358512
1,-1001338358512,,2023-12-29 09:01:27+00:00,60859,–ò–ª—å—è,2557,1338358512
2,-1001338358512,,2023-12-29 09:01:27+00:00,60858,–ò–ª—å—è,2558,1338358512
3,-1001338358512,,2023-12-29 09:01:27+00:00,60857,–ò–ª—å—è,2554,1338358512
4,-1001338358512,,2023-12-29 09:01:27+00:00,60856,–ò–ª—å—è,2555,1338358512
5,-1001338358512,,2023-12-29 09:01:27+00:00,60855,–ò–ª—å—è,2555,1338358512
6,-1001338358512,,2023-12-29 09:01:27+00:00,60854,–ò–ª—å—è,2590,1338358512
7,-1001338358512,,2023-12-29 09:01:27+00:00,60853,–ò–ª—å—è,2593,1338358512
8,-1001338358512,,2023-12-29 09:01:27+00:00,60852,–ò–ª—å—è,2597,1338358512
9,-1001338358512,"**ü¶é**** –†—É—Å—ã —Å–Ω–æ–≤–∞ –ø–æ–∫–æ—Ä—è—é—Ç Steam ‚Äî –Ω–∞ —ç—Ç–æ—Ç —Ä–∞–∑ –≤—ã—à–µ–ª ¬´—Å–∏–º—É–ª—è—Ç–æ—Ä –†—É—Å–∞ —Å —ç–ª–µ–º–µ–Ω—Ç–∞–º–∏ —Ö–æ—Ä—Ä–æ—Ä–∞¬ª**

–ú—ã –∏–≥—Ä–∞–µ–º –∑–∞ –≤–µ–ª–∏–∫–æ–≥–æ –±–æ–≥–∞—Ç—ã—Ä—è, –∫–æ—Ç–æ—Ä—ã–π –æ—Ç–ø—Ä–∞–≤–∏–ª—Å—è –≤ —è—â–µ—Ä—Å–∫–æ–µ –ª–æ–≥–æ–≤–æ –ø–æ–¥ –ø—Ä–∏–∫—Ä—ã—Ç–∏–µ–º.

¬´–†–£–°–´ VS –Ø–©–ï–†–´¬ª –∑–∞–ª—É—Ç–∞–ª–∞ 85% –ø–æ–ª–æ–∂–∏—Ç–µ–ª—å–Ω—ã—Ö –æ—Ç–∑—ã–≤–æ–≤.

@vgtimes",2023-12-29 09:01:27+00:00,60851,–ò–ª—å—è,2591,1338358512
10,-1001338358512,,2023-12-29 07:43:16+00:00,60850,–ò–ª—å—è,7311,1338358512
11,-1001338358512,,2023-12-29 07:43:16+00:00,60849,–ò–ª—å—è,7221,1338358512
12,-1001338358512,,2023-12-29 07:43:16+00:00,60848,–ò–ª—å—è,7236,1338358512
13,-1001338358512,,2023-12-29 07:43:15+00:00,60847,–ò–ª—å—è,7220,1338358512
14,-1001338358512,,2023-12-29 07:43:15+00:00,60846,–ò–ª—å—è,7230,1338358512
15,-1001338358512,,2023-12-29 07:43:15+00:00,60845,–ò–ª—å—è,7227,1338358512
16,-1001338358512,,2023-12-29 07:43:15+00:00,60844,–ò–ª—å—è,7177,1338358512
17,-1001338358512,,2023-12-29 07:43:15+00:00,60843,–ò–ª—å—è,7172,1338358512
18,-1001338358512,,2023-12-29 07:43:15+00:00,60842,–ò–ª—å—è,7074,1338358512
19,-1001338358512,"**üå¥ –í–æ—Ç —Ç–∞–∫ –º–æ–≥–ª–∞ –±—ã –≤—ã–≥–ª—è–¥–µ—Ç—å —Ñ–∏–≥—É—Ä–∫–∞ –õ—é—Å–∏–∏ –≤ –±–∏–∫–∏–Ω–∏ –∏–∑ —Ç—Ä–µ–π–ª–µ—Ä–∞ GTA 6**

–ü—Ä–æ—Ç–æ—Ç–∏–ø –ø—Ä–µ–¥—Å—Ç–∞–≤–∏–ª –±—Ä–∞–∑–∏–ª—å—Å–∫–∏–π —Ö—É–¥–æ–∂–Ω–∏–∫. –í —Å–µ—Ç–∏, –∫—Å—Ç–∞—Ç–∏, –¥–æ —Å–∏—Ö –ø–æ—Ä –∏–¥—É—Ç —Å–ø–æ—Ä—ã, —á—Ç–æ –¥–µ–≤—É—à–∫–∞ –≤ –±–∏–∫–∏–Ω–∏ –≤—Å—ë-—Ç–∞–∫–∏ –Ω–µ –õ—é—Å–∏—è.

–•–æ—Ç–µ–ª –±—ã —Å–µ–±–µ —Ç–∞–∫—É—é?

@vgtimes",2023-12-29 07:43:15+00:00,60841,–ò–ª—å—è,6960,1338358512
